scenario_id,table_name,table_size_gb,migration_type,workload_intensity,query_frequency,baseline_outcome,baseline_downtime_s,ai_prediction,ai_confidence_pct,ai_outcome,ai_downtime_s,downtime_saved_s
SCENARIO-1001,customer_sessions,34.6,ADD_COLUMN_DEFAULT,LOW,310.0,SUCCESS,0.85,LOW RISK (SAFE),99.3,SUCCESS,0.85,0.0
SCENARIO-1002,order_items,185.44,ADD_INDEX_CONCURRENTLY,CRITICAL,4036.0,SUCCESS,5.84,LOW RISK (SAFE),99.09,SUCCESS,5.84,0.0
SCENARIO-1003,order_payments,30.75,ADD_INDEX_CONCURRENTLY,HIGH,2409.0,SUCCESS,0.78,LOW RISK (SAFE),99.48,SUCCESS,0.78,0.0
SCENARIO-1004,order_payments,30.47,TABLE_REWRITE,CRITICAL,3010.0,FAILED_LOCK_TIMEOUT,605.35,HIGH RISK,92.05,MITIGATED_OFFPEAK,11.88,593.47
SCENARIO-1005,order_items,320.93,DROP_COLUMN,LOW,238.0,SUCCESS,1.23,LOW RISK (SAFE),97.76,SUCCESS,1.23,0.0
SCENARIO-1006,order_items,195.01,ADD_INDEX_CONCURRENTLY,MEDIUM,1218.0,SUCCESS,1.87,LOW RISK (SAFE),99.08,SUCCESS,1.87,0.0
SCENARIO-1007,orders,180.56,ADD_INDEX_CONCURRENTLY,HIGH,1600.0,SUCCESS,1.39,LOW RISK (SAFE),99.94,SUCCESS,1.39,0.0
SCENARIO-1008,order_items,505.78,ALTER_COLUMN_TYPE,HIGH,2284.0,FAILED_LOCK_TIMEOUT,838.17,HIGH RISK,99.94,MITIGATED_OFFPEAK,50.91,787.26
SCENARIO-1009,order_items,411.88,DROP_COLUMN,MEDIUM,714.0,SUCCESS,3.49,LOW RISK (SAFE),97.78,SUCCESS,3.49,0.0
SCENARIO-1010,order_shipments,19.41,ADD_COLUMN_DEFAULT,MEDIUM,740.0,SUCCESS,0.7,LOW RISK (SAFE),99.39,SUCCESS,0.7,0.0
SCENARIO-1011,orders,253.8,ADD_INDEX_LOCKING,HIGH,2705.0,FAILED_LOCK_TIMEOUT,190.7,HIGH RISK,97.78,MITIGATED_OFFPEAK,13.14,177.56
SCENARIO-1012,order_items,209.26,ADD_INDEX_CONCURRENTLY,LOW,225.0,SUCCESS,0.91,LOW RISK (SAFE),99.92,SUCCESS,0.91,0.0
SCENARIO-1013,customer_sessions,51.46,ADD_INDEX_CONCURRENTLY,LOW,405.0,SUCCESS,0.41,LOW RISK (SAFE),99.98,SUCCESS,0.41,0.0
SCENARIO-1014,orders,214.74,ADD_INDEX_CONCURRENTLY,MEDIUM,708.0,SUCCESS,1.5,LOW RISK (SAFE),99.08,SUCCESS,1.5,0.0
SCENARIO-1015,order_payments,56.84,ADD_INDEX_LOCKING,HIGH,2942.0,FAILED_LOCK_TIMEOUT,107.98,HIGH RISK,84.84,MITIGATED_OFFPEAK,3.54,104.44
SCENARIO-1016,orders,258.42,TABLE_REWRITE,MEDIUM,843.0,FAILED_LOCK_TIMEOUT,194.28,HIGH RISK,95.31,MITIGATED_OFFPEAK,56.21,138.07
SCENARIO-1017,customer_sessions,25.53,DROP_COLUMN,MEDIUM,1006.0,SUCCESS,0.63,LOW RISK (SAFE),98.91,SUCCESS,0.63,0.0
SCENARIO-1018,orders,238.65,ADD_INDEX_CONCURRENTLY,HIGH,2803.0,SUCCESS,3.34,LOW RISK (SAFE),99.39,SUCCESS,3.34,0.0
SCENARIO-1019,order_payments,37.1,ADD_COLUMN_DEFAULT,LOW,236.0,SUCCESS,0.81,LOW RISK (SAFE),99.3,SUCCESS,0.81,0.0
SCENARIO-1020,customer_sessions,20.03,ADD_INDEX_CONCURRENTLY,HIGH,1935.0,SUCCESS,0.56,LOW RISK (SAFE),99.48,SUCCESS,0.56,0.0
SCENARIO-1021,orders,224.99,ADD_INDEX_CONCURRENTLY,HIGH,2398.0,SUCCESS,3.04,LOW RISK (SAFE),99.92,SUCCESS,3.04,0.0
SCENARIO-1022,orders,197.51,DROP_COLUMN,MEDIUM,1284.0,SUCCESS,2.42,LOW RISK (SAFE),97.93,SUCCESS,2.42,0.0
SCENARIO-1023,order_payments,41.42,ALTER_COLUMN_TYPE,CRITICAL,4657.0,FAILED_LOCK_TIMEOUT,424.94,HIGH RISK,94.85,MITIGATED_OFFPEAK,7.82,417.12
SCENARIO-1024,orders,217.33,ADD_COLUMN_DEFAULT,MEDIUM,1115.0,SUCCESS,3.67,LOW RISK (SAFE),99.42,SUCCESS,3.67,0.0
SCENARIO-1025,order_items,440.59,ADD_INDEX_CONCURRENTLY,MEDIUM,1220.0,SUCCESS,1.88,LOW RISK (SAFE),99.14,SUCCESS,1.88,0.0
SCENARIO-1026,order_shipments,59.05,ADD_INDEX_CONCURRENTLY,CRITICAL,4205.0,SUCCESS,3.9,LOW RISK (SAFE),99.09,SUCCESS,3.9,0.0
SCENARIO-1027,orders,125.47,ADD_INDEX_CONCURRENTLY,MEDIUM,636.0,SUCCESS,0.85,LOW RISK (SAFE),99.08,SUCCESS,0.85,0.0
SCENARIO-1028,order_shipments,31.03,ADD_COLUMN_DEFAULT,MEDIUM,535.0,SUCCESS,0.6,LOW RISK (SAFE),99.91,SUCCESS,0.6,0.0
SCENARIO-1029,customer_sessions,22.88,ADD_INDEX_CONCURRENTLY,MEDIUM,1331.0,SUCCESS,0.35,LOW RISK (SAFE),99.9,SUCCESS,0.35,0.0
SCENARIO-1030,order_items,555.78,ADD_INDEX_CONCURRENTLY,LOW,420.0,SUCCESS,1.57,LOW RISK (SAFE),99.88,SUCCESS,1.57,0.0
SCENARIO-1031,order_items,402.5,ADD_COLUMN_DEFAULT,MEDIUM,579.0,SUCCESS,4.34,LOW RISK (SAFE),99.71,SUCCESS,4.34,0.0
SCENARIO-1032,order_payments,80.25,DROP_COLUMN,MEDIUM,903.0,SUCCESS,1.31,LOW RISK (SAFE),97.8,SUCCESS,1.31,0.0
SCENARIO-1033,orders,87.87,ADD_COLUMN_DEFAULT,CRITICAL,3086.0,SUCCESS,9.04,LOW RISK (SAFE),99.24,SUCCESS,9.04,0.0
SCENARIO-1034,orders,48.12,ALTER_COLUMN_TYPE,CRITICAL,4240.0,FAILED_LOCK_TIMEOUT,538.23,HIGH RISK,94.37,MITIGATED_OFFPEAK,10.24,527.99
SCENARIO-1035,order_items,153.07,ADD_COLUMN_DEFAULT,MEDIUM,1427.0,SUCCESS,1.9,LOW RISK (SAFE),99.42,SUCCESS,1.9,0.0
SCENARIO-1036,order_shipments,59.51,DROP_COLUMN,MEDIUM,1486.0,SUCCESS,0.97,LOW RISK (SAFE),99.31,SUCCESS,0.97,0.0
SCENARIO-1037,order_shipments,47.32,ADD_INDEX_CONCURRENTLY,MEDIUM,1264.0,SUCCESS,0.54,LOW RISK (SAFE),99.9,SUCCESS,0.54,0.0
SCENARIO-1038,order_items,586.38,ADD_INDEX_CONCURRENTLY,LOW,194.0,SUCCESS,1.55,LOW RISK (SAFE),99.88,SUCCESS,1.55,0.0
SCENARIO-1039,order_items,300.21,ADD_INDEX_CONCURRENTLY,HIGH,1847.0,SUCCESS,2.45,LOW RISK (SAFE),99.42,SUCCESS,2.45,0.0
SCENARIO-1040,orders,50.21,ADD_COLUMN_DEFAULT,CRITICAL,3487.0,SUCCESS,5.28,LOW RISK (SAFE),98.89,SUCCESS,5.28,0.0
SCENARIO-1041,order_items,318.89,ADD_INDEX_CONCURRENTLY,MEDIUM,823.0,SUCCESS,2.04,LOW RISK (SAFE),99.14,SUCCESS,2.04,0.0
SCENARIO-1042,order_payments,138.32,TABLE_REWRITE,MEDIUM,839.0,FAILED_LOCK_TIMEOUT,112.16,HIGH RISK,95.37,MITIGATED_OFFPEAK,37.35,74.81
SCENARIO-1043,order_payments,28.99,ADD_INDEX_CONCURRENTLY,MEDIUM,521.0,SUCCESS,0.29,LOW RISK (SAFE),99.93,SUCCESS,0.29,0.0
SCENARIO-1044,order_items,370.53,ADD_INDEX_CONCURRENTLY,HIGH,2625.0,SUCCESS,3.4,LOW RISK (SAFE),99.39,SUCCESS,3.4,0.0
SCENARIO-1045,order_items,350.57,ADD_INDEX_LOCKING,CRITICAL,3133.0,FAILED_LOCK_TIMEOUT,417.89,HIGH RISK,99.5,MITIGATED_OFFPEAK,15.9,401.99
SCENARIO-1046,order_shipments,50.95,ADD_COLUMN_DEFAULT,LOW,431.0,SUCCESS,0.94,LOW RISK (SAFE),99.24,SUCCESS,0.94,0.0
SCENARIO-1047,order_shipments,78.95,ALTER_COLUMN_TYPE,MEDIUM,1387.0,FAILED_LOCK_TIMEOUT,58.18,HIGH RISK,94.84,MITIGATED_OFFPEAK,13.41,44.77
SCENARIO-1048,orders,53.26,TABLE_REWRITE,HIGH,2526.0,FAILED_LOCK_TIMEOUT,562.95,HIGH RISK,98.15,MITIGATED_OFFPEAK,17.87,545.08
SCENARIO-1049,customer_sessions,48.84,ADD_INDEX_LOCKING,HIGH,2169.0,FAILED_LOCK_TIMEOUT,56.52,HIGH RISK,86.07,MITIGATED_OFFPEAK,4.12,52.4
SCENARIO-1050,orders,167.02,ADD_INDEX_LOCKING,LOW,252.0,FAILED_LOCK_TIMEOUT,28.67,HIGH RISK,54.24,MITIGATED_OFFPEAK,8.33,20.34
SCENARIO-1051,orders,142.56,ADD_COLUMN_DEFAULT,MEDIUM,1467.0,SUCCESS,4.06,LOW RISK (SAFE),99.92,SUCCESS,4.06,0.0
SCENARIO-1052,orders,253.04,ALTER_COLUMN_TYPE,MEDIUM,552.0,FAILED_LOCK_TIMEOUT,88.95,HIGH RISK,97.83,MITIGATED_OFFPEAK,27.54,61.41
SCENARIO-1053,order_payments,62.76,ALTER_COLUMN_TYPE,LOW,131.0,SUCCESS,16.31,LOW RISK (SAFE),50.72,SUCCESS,16.31,0.0
SCENARIO-1054,orders,157.55,ADD_INDEX_CONCURRENTLY,CRITICAL,3042.0,SUCCESS,3.99,LOW RISK (SAFE),99.84,SUCCESS,3.99,0.0
SCENARIO-1055,order_items,420.49,ADD_COLUMN_DEFAULT,HIGH,2105.0,SUCCESS,10.89,LOW RISK (SAFE),98.27,SUCCESS,10.89,0.0
SCENARIO-1056,order_items,605.14,TABLE_REWRITE,MEDIUM,862.0,FAILED_LOCK_TIMEOUT,233.17,HIGH RISK,95.29,MITIGATED_OFFPEAK,72.06,161.11
SCENARIO-1057,order_shipments,85.65,ADD_INDEX_CONCURRENTLY,MEDIUM,1015.0,SUCCESS,0.54,LOW RISK (SAFE),99.08,SUCCESS,0.54,0.0
SCENARIO-1058,order_items,174.57,ADD_COLUMN_DEFAULT,LOW,149.0,SUCCESS,1.86,LOW RISK (SAFE),99.22,SUCCESS,1.86,0.0
SCENARIO-1059,order_items,297.22,ADD_COLUMN_DEFAULT,CRITICAL,4433.0,SUCCESS,22.5,LOW RISK (SAFE),91.29,SUCCESS,22.5,0.0
SCENARIO-1060,orders,188.43,ADD_INDEX_CONCURRENTLY,MEDIUM,1023.0,SUCCESS,1.41,LOW RISK (SAFE),99.11,SUCCESS,1.41,0.0
SCENARIO-1061,order_items,594.44,ADD_COLUMN_DEFAULT,HIGH,2196.0,SUCCESS,11.62,LOW RISK (SAFE),81.25,SUCCESS,11.62,0.0
SCENARIO-1062,order_items,449.45,DROP_COLUMN,HIGH,1707.0,SUCCESS,6.44,LOW RISK (SAFE),98.72,SUCCESS,6.44,0.0
SCENARIO-1063,order_items,565.61,ALTER_COLUMN_TYPE,MEDIUM,1110.0,FAILED_LOCK_TIMEOUT,187.8,HIGH RISK,98.73,MITIGATED_OFFPEAK,58.51,129.29
SCENARIO-1064,order_payments,125.83,ADD_COLUMN_DEFAULT,CRITICAL,3992.0,SUCCESS,6.23,LOW RISK (SAFE),99.21,SUCCESS,6.23,0.0
SCENARIO-1065,order_shipments,68.99,ADD_INDEX_CONCURRENTLY,HIGH,2790.0,SUCCESS,1.92,LOW RISK (SAFE),99.42,SUCCESS,1.92,0.0
SCENARIO-1066,order_items,402.8,DROP_COLUMN,CRITICAL,3835.0,SUCCESS,11.21,LOW RISK (SAFE),94.91,SUCCESS,11.21,0.0
SCENARIO-1067,order_items,194.51,DROP_COLUMN,MEDIUM,651.0,SUCCESS,2.1,LOW RISK (SAFE),98.22,SUCCESS,2.1,0.0
SCENARIO-1068,orders,62.74,DROP_COLUMN,MEDIUM,949.0,SUCCESS,0.86,LOW RISK (SAFE),98.91,SUCCESS,0.86,0.0
SCENARIO-1069,order_items,503.55,DROP_COLUMN,LOW,142.0,SUCCESS,3.27,LOW RISK (SAFE),97.72,SUCCESS,3.27,0.0
SCENARIO-1070,orders,178.86,ADD_INDEX_CONCURRENTLY,MEDIUM,777.0,SUCCESS,1.1,LOW RISK (SAFE),99.02,SUCCESS,1.1,0.0
SCENARIO-1071,orders,222.63,ADD_INDEX_CONCURRENTLY,CRITICAL,3155.0,SUCCESS,6.05,LOW RISK (SAFE),99.24,SUCCESS,6.05,0.0
SCENARIO-1072,orders,249.54,ADD_INDEX_CONCURRENTLY,MEDIUM,1118.0,SUCCESS,1.07,LOW RISK (SAFE),99.17,SUCCESS,1.07,0.0
SCENARIO-1073,order_items,114.24,TABLE_REWRITE,HIGH,2109.0,FAILED_LOCK_TIMEOUT,680.01,HIGH RISK,97.01,MITIGATED_OFFPEAK,29.76,650.25
SCENARIO-1074,customer_sessions,76.46,TABLE_REWRITE,LOW,366.0,FAILED_LOCK_TIMEOUT,61.98,HIGH RISK,95.82,MITIGATED_OFFPEAK,23.5,38.48
SCENARIO-1075,order_items,171.9,DROP_COLUMN,MEDIUM,1471.0,SUCCESS,3.26,LOW RISK (SAFE),97.96,SUCCESS,3.26,0.0
SCENARIO-1076,order_payments,109.23,ALTER_COLUMN_TYPE,MEDIUM,1325.0,FAILED_LOCK_TIMEOUT,66.35,HIGH RISK,95.25,MITIGATED_OFFPEAK,13.53,52.82
SCENARIO-1077,order_payments,90.41,DROP_COLUMN,MEDIUM,590.0,SUCCESS,1.3,LOW RISK (SAFE),97.8,SUCCESS,1.3,0.0
SCENARIO-1078,order_items,517.3,DROP_COLUMN,HIGH,2349.0,SUCCESS,7.17,LOW RISK (SAFE),95.67,SUCCESS,7.17,0.0
SCENARIO-1079,order_shipments,80.47,ADD_INDEX_LOCKING,CRITICAL,3492.0,FAILED_LOCK_TIMEOUT,224.43,HIGH RISK,92.33,MITIGATED_OFFPEAK,5.56,218.87
SCENARIO-1080,order_items,509.67,ADD_INDEX_CONCURRENTLY,CRITICAL,4721.0,SUCCESS,10.71,LOW RISK (SAFE),98.38,SUCCESS,10.71,0.0
SCENARIO-1081,order_items,386.26,ADD_COLUMN_DEFAULT,MEDIUM,961.0,SUCCESS,7.17,LOW RISK (SAFE),99.22,SUCCESS,7.17,0.0
SCENARIO-1082,orders,211.15,ADD_INDEX_CONCURRENTLY,MEDIUM,916.0,SUCCESS,0.91,LOW RISK (SAFE),99.14,SUCCESS,0.91,0.0
SCENARIO-1083,order_items,607.85,ADD_COLUMN_DEFAULT,MEDIUM,1442.0,SUCCESS,9.75,LOW RISK (SAFE),96.92,SUCCESS,9.75,0.0
SCENARIO-1084,orders,75.08,ADD_INDEX_LOCKING,HIGH,2949.0,FAILED_LOCK_TIMEOUT,158.56,HIGH RISK,92.8,MITIGATED_OFFPEAK,5.14,153.42
SCENARIO-1085,order_items,235.47,ADD_INDEX_CONCURRENTLY,HIGH,1543.0,SUCCESS,2.23,LOW RISK (SAFE),99.39,SUCCESS,2.23,0.0
SCENARIO-1086,customer_sessions,73.65,ADD_COLUMN_DEFAULT,CRITICAL,4647.0,SUCCESS,6.08,LOW RISK (SAFE),96.57,SUCCESS,6.08,0.0
SCENARIO-1087,orders,249.27,ADD_COLUMN_DEFAULT,MEDIUM,1231.0,SUCCESS,3.05,LOW RISK (SAFE),99.72,SUCCESS,3.05,0.0
SCENARIO-1088,order_items,214.27,ALTER_COLUMN_TYPE,HIGH,2408.0,FAILED_LOCK_TIMEOUT,571.96,HIGH RISK,99.82,MITIGATED_OFFPEAK,25.45,546.51
SCENARIO-1089,order_items,256.52,ADD_INDEX_CONCURRENTLY,LOW,330.0,SUCCESS,1.29,LOW RISK (SAFE),99.89,SUCCESS,1.29,0.0
SCENARIO-1090,orders,258.93,ADD_INDEX_CONCURRENTLY,LOW,314.0,SUCCESS,0.97,LOW RISK (SAFE),99.89,SUCCESS,0.97,0.0
SCENARIO-1091,order_items,602.07,ADD_INDEX_CONCURRENTLY,HIGH,2764.0,SUCCESS,7.06,LOW RISK (SAFE),98.45,SUCCESS,7.06,0.0
SCENARIO-1092,orders,159.97,ADD_INDEX_CONCURRENTLY,LOW,190.0,SUCCESS,0.76,LOW RISK (SAFE),99.92,SUCCESS,0.76,0.0
SCENARIO-1093,order_payments,94.98,ADD_COLUMN_DEFAULT,MEDIUM,542.0,SUCCESS,1.39,LOW RISK (SAFE),99.39,SUCCESS,1.39,0.0
SCENARIO-1094,order_items,513.19,DROP_COLUMN,MEDIUM,1258.0,SUCCESS,2.79,LOW RISK (SAFE),97.65,SUCCESS,2.79,0.0
SCENARIO-1095,order_items,266.35,ALTER_COLUMN_TYPE,MEDIUM,562.0,FAILED_LOCK_TIMEOUT,85.81,HIGH RISK,97.83,MITIGATED_OFFPEAK,29.04,56.77
SCENARIO-1096,orders,158.25,DROP_COLUMN,MEDIUM,860.0,SUCCESS,1.65,LOW RISK (SAFE),97.8,SUCCESS,1.65,0.0
SCENARIO-1097,customer_sessions,24.56,ADD_INDEX_CONCURRENTLY,MEDIUM,1225.0,SUCCESS,0.4,LOW RISK (SAFE),99.93,SUCCESS,0.4,0.0
SCENARIO-1098,customer_sessions,73.99,DROP_COLUMN,HIGH,2929.0,SUCCESS,2.76,LOW RISK (SAFE),99.28,SUCCESS,2.76,0.0
SCENARIO-1099,order_items,413.06,ADD_INDEX_LOCKING,MEDIUM,609.0,FAILED_LOCK_TIMEOUT,73.58,HIGH RISK,91.0,MITIGATED_OFFPEAK,13.27,60.31
SCENARIO-1100,order_payments,109.93,ALTER_COLUMN_TYPE,LOW,233.0,FAILED_LOCK_TIMEOUT,35.07,HIGH RISK,93.2,MITIGATED_OFFPEAK,15.11,19.96
SCENARIO-1101,order_items,151.59,ADD_INDEX_CONCURRENTLY,CRITICAL,4399.0,SUCCESS,7.99,LOW RISK (SAFE),99.0,SUCCESS,7.99,0.0
SCENARIO-1102,order_shipments,86.43,ADD_COLUMN_DEFAULT,MEDIUM,579.0,SUCCESS,1.03,LOW RISK (SAFE),99.39,SUCCESS,1.03,0.0
SCENARIO-1103,order_payments,103.87,ALTER_COLUMN_TYPE,LOW,390.0,FAILED_LOCK_TIMEOUT,39.93,HIGH RISK,94.91,MITIGATED_OFFPEAK,15.83,24.1
SCENARIO-1104,order_items,201.48,ADD_INDEX_LOCKING,MEDIUM,844.0,FAILED_LOCK_TIMEOUT,39.16,HIGH RISK,85.76,MITIGATED_OFFPEAK,9.86,29.3
SCENARIO-1105,order_payments,120.74,ADD_COLUMN_DEFAULT,LOW,358.0,SUCCESS,1.35,LOW RISK (SAFE),99.22,SUCCESS,1.35,0.0
SCENARIO-1106,order_items,163.88,ADD_COLUMN_DEFAULT,MEDIUM,1403.0,SUCCESS,2.47,LOW RISK (SAFE),99.94,SUCCESS,2.47,0.0
SCENARIO-1107,order_items,236.88,ADD_INDEX_CONCURRENTLY,MEDIUM,1205.0,SUCCESS,2.03,LOW RISK (SAFE),99.17,SUCCESS,2.03,0.0
SCENARIO-1108,order_shipments,48.7,ADD_COLUMN_DEFAULT,MEDIUM,1464.0,SUCCESS,2.19,LOW RISK (SAFE),99.91,SUCCESS,2.19,0.0
SCENARIO-1109,order_payments,36.04,ALTER_COLUMN_TYPE,HIGH,2850.0,FAILED_LOCK_TIMEOUT,294.25,HIGH RISK,88.86,MITIGATED_OFFPEAK,6.21,288.04
SCENARIO-1110,order_shipments,30.22,DROP_COLUMN,MEDIUM,958.0,SUCCESS,0.49,LOW RISK (SAFE),98.43,SUCCESS,0.49,0.0
SCENARIO-1111,customer_sessions,74.62,ADD_INDEX_LOCKING,MEDIUM,1460.0,SUCCESS,19.15,LOW RISK (SAFE),65.19,SUCCESS,19.15,0.0
SCENARIO-1112,orders,62.33,DROP_COLUMN,MEDIUM,1351.0,SUCCESS,1.09,LOW RISK (SAFE),98.43,SUCCESS,1.09,0.0
SCENARIO-1113,orders,208.95,ADD_INDEX_LOCKING,CRITICAL,3416.0,FAILED_LOCK_TIMEOUT,400.11,HIGH RISK,94.95,MITIGATED_OFFPEAK,8.57,391.54
SCENARIO-1114,order_shipments,81.81,ADD_INDEX_LOCKING,HIGH,1905.0,FAILED_LOCK_TIMEOUT,82.59,HIGH RISK,88.83,MITIGATED_OFFPEAK,5.93,76.66
SCENARIO-1115,orders,248.93,ADD_INDEX_CONCURRENTLY,LOW,253.0,SUCCESS,0.92,LOW RISK (SAFE),99.92,SUCCESS,0.92,0.0
SCENARIO-1116,orders,58.93,ALTER_COLUMN_TYPE,MEDIUM,1053.0,FAILED_LOCK_TIMEOUT,50.38,HIGH RISK,97.55,MITIGATED_OFFPEAK,9.34,41.04
SCENARIO-1117,orders,235.58,DROP_COLUMN,CRITICAL,4123.0,SUCCESS,16.39,LOW RISK (SAFE),97.96,SUCCESS,16.39,0.0
SCENARIO-1118,order_shipments,72.77,ADD_INDEX_LOCKING,CRITICAL,3316.0,FAILED_LOCK_TIMEOUT,167.98,HIGH RISK,88.41,MITIGATED_OFFPEAK,4.33,163.65
SCENARIO-1119,order_shipments,29.24,ADD_COLUMN_DEFAULT,HIGH,2993.0,SUCCESS,2.29,LOW RISK (SAFE),99.72,SUCCESS,2.29,0.0
SCENARIO-1120,order_shipments,30.77,ADD_COLUMN_DEFAULT,MEDIUM,1423.0,SUCCESS,0.88,LOW RISK (SAFE),99.4,SUCCESS,0.88,0.0
